<?xml version="1.0" encoding="UTF-8"?>
<dataSource name="kngawa@localhost">
  <database-model serializer="dbm" dbms="MARIADB" family-id="MARIADB" format-version="4.53">
    <root id="1">
      <DefaultAuthPlugin>mysql_native_password</DefaultAuthPlugin>
      <DefaultCasing>lower/lower</DefaultCasing>
      <DefaultEngine>InnoDB</DefaultEngine>
      <Grants>|root||root|127.0.0.1|ALTER|G
|root||root|::1|ALTER|G
|root||root|localhost|ALTER|G
|root||root|127.0.0.1|ALTER ROUTINE|G
|root||root|::1|ALTER ROUTINE|G
|root||root|localhost|ALTER ROUTINE|G
|root||root|127.0.0.1|CREATE|G
|root||root|::1|CREATE|G
|root||root|localhost|CREATE|G
|root||root|127.0.0.1|CREATE ROUTINE|G
|root||root|::1|CREATE ROUTINE|G
|root||root|localhost|CREATE ROUTINE|G
|root||root|127.0.0.1|CREATE TABLESPACE|G
|root||root|::1|CREATE TABLESPACE|G
|root||root|localhost|CREATE TABLESPACE|G
|root||root|127.0.0.1|CREATE TEMPORARY TABLES|G
|root||root|::1|CREATE TEMPORARY TABLES|G
|root||root|localhost|CREATE TEMPORARY TABLES|G
|root||root|127.0.0.1|CREATE USER|G
|root||root|::1|CREATE USER|G
|root||root|localhost|CREATE USER|G
|root||root|127.0.0.1|CREATE VIEW|G
|root||root|::1|CREATE VIEW|G
|root||root|localhost|CREATE VIEW|G
|root||root|127.0.0.1|DELETE|G
|root||root|::1|DELETE|G
|root||root|localhost|DELETE|G
|root||root|127.0.0.1|DELETE HISTORY|G
|root||root|::1|DELETE HISTORY|G
|root||root|localhost|DELETE HISTORY|G
|root||root|127.0.0.1|DROP|G
|root||root|::1|DROP|G
|root||root|localhost|DROP|G
|root||root|127.0.0.1|EVENT|G
|root||root|::1|EVENT|G
|root||root|localhost|EVENT|G
|root||root|127.0.0.1|EXECUTE|G
|root||root|::1|EXECUTE|G
|root||root|localhost|EXECUTE|G
|root||root|127.0.0.1|FILE|G
|root||root|::1|FILE|G
|root||root|localhost|FILE|G
|root||root|127.0.0.1|INDEX|G
|root||root|::1|INDEX|G
|root||root|localhost|INDEX|G
|root||root|127.0.0.1|INSERT|G
|root||root|::1|INSERT|G
|root||root|localhost|INSERT|G
|root||root|127.0.0.1|LOCK TABLES|G
|root||root|::1|LOCK TABLES|G
|root||root|localhost|LOCK TABLES|G
|root||root|127.0.0.1|PROCESS|G
|root||root|::1|PROCESS|G
|root||root|localhost|PROCESS|G
|root||root|127.0.0.1|REFERENCES|G
|root||root|::1|REFERENCES|G
|root||root|localhost|REFERENCES|G
|root||root|127.0.0.1|RELOAD|G
|root||root|::1|RELOAD|G
|root||root|localhost|RELOAD|G
|root||root|127.0.0.1|REPLICATION CLIENT|G
|root||root|::1|REPLICATION CLIENT|G
|root||root|localhost|REPLICATION CLIENT|G
|root||root|127.0.0.1|REPLICATION SLAVE|G
|root||root|::1|REPLICATION SLAVE|G
|root||root|localhost|REPLICATION SLAVE|G
|root||root|127.0.0.1|SELECT|G
|root||root|::1|SELECT|G
|root||root|localhost|SELECT|G
|root||root|127.0.0.1|SHOW DATABASES|G
|root||root|::1|SHOW DATABASES|G
|root||root|localhost|SHOW DATABASES|G
|root||root|127.0.0.1|SHOW VIEW|G
|root||root|::1|SHOW VIEW|G
|root||root|localhost|SHOW VIEW|G
|root||root|127.0.0.1|SHUTDOWN|G
|root||root|::1|SHUTDOWN|G
|root||root|localhost|SHUTDOWN|G
|root||root|127.0.0.1|SUPER|G
|root||root|::1|SUPER|G
|root||root|localhost|SUPER|G
|root||root|127.0.0.1|TRIGGER|G
|root||root|::1|TRIGGER|G
|root||root|localhost|TRIGGER|G
|root||root|127.0.0.1|UPDATE|G
|root||root|::1|UPDATE|G
|root||root|localhost|UPDATE|G
|root||root|127.0.0.1|grant option|G
|root||root|::1|grant option|G
|root||root|localhost|grant option|G
phpmyadmin|schema||pma|localhost|DELETE|G
phpmyadmin|schema||pma|localhost|INSERT|G
phpmyadmin|schema||pma|localhost|SELECT|G
phpmyadmin|schema||pma|localhost|UPDATE|G
test|schema||&apos;&apos;||ALTER|G
test|schema||&apos;&apos;||CREATE|G
test|schema||&apos;&apos;||CREATE ROUTINE|G
test|schema||&apos;&apos;||CREATE TEMPORARY TABLES|G
test|schema||&apos;&apos;||CREATE VIEW|G
test|schema||&apos;&apos;||DELETE|G
test|schema||&apos;&apos;||DELETE HISTORY|G
test|schema||&apos;&apos;||DROP|G
test|schema||&apos;&apos;||EVENT|G
test|schema||&apos;&apos;||INDEX|G
test|schema||&apos;&apos;||INSERT|G
test|schema||&apos;&apos;||LOCK TABLES|G
test|schema||&apos;&apos;||REFERENCES|G
test|schema||&apos;&apos;||SELECT|G
test|schema||&apos;&apos;||SHOW VIEW|G
test|schema||&apos;&apos;||TRIGGER|G
test|schema||&apos;&apos;||UPDATE|G
test\\_%|schema||&apos;&apos;||ALTER|G
test\\_%|schema||&apos;&apos;||CREATE|G
test\\_%|schema||&apos;&apos;||CREATE ROUTINE|G
test\\_%|schema||&apos;&apos;||CREATE TEMPORARY TABLES|G
test\\_%|schema||&apos;&apos;||CREATE VIEW|G
test\\_%|schema||&apos;&apos;||DELETE|G
test\\_%|schema||&apos;&apos;||DELETE HISTORY|G
test\\_%|schema||&apos;&apos;||DROP|G
test\\_%|schema||&apos;&apos;||EVENT|G
test\\_%|schema||&apos;&apos;||INDEX|G
test\\_%|schema||&apos;&apos;||INSERT|G
test\\_%|schema||&apos;&apos;||LOCK TABLES|G
test\\_%|schema||&apos;&apos;||REFERENCES|G
test\\_%|schema||&apos;&apos;||SELECT|G
test\\_%|schema||&apos;&apos;||SHOW VIEW|G
test\\_%|schema||&apos;&apos;||TRIGGER|G
test\\_%|schema||&apos;&apos;||UPDATE|G</Grants>
      <ServerVersion>10.4.32</ServerVersion>
    </root>
    <collation id="2" parent="1" name="armscii8_bin">
      <Charset>armscii8</Charset>
    </collation>
    <collation id="3" parent="1" name="armscii8_general_ci">
      <Charset>armscii8</Charset>
      <DefaultForCharset>1</DefaultForCharset>
    </collation>
    <collation id="4" parent="1" name="armscii8_general_nopad_ci">
      <Charset>armscii8</Charset>
    </collation>
    <collation id="5" parent="1" name="armscii8_nopad_bin">
      <Charset>armscii8</Charset>
    </collation>
    <collation id="6" parent="1" name="ascii_bin">
      <Charset>ascii</Charset>
    </collation>
    <collation id="7" parent="1" name="ascii_general_ci">
      <Charset>ascii</Charset>
      <DefaultForCharset>1</DefaultForCharset>
    </collation>
    <collation id="8" parent="1" name="ascii_general_nopad_ci">
      <Charset>ascii</Charset>
    </collation>
    <collation id="9" parent="1" name="ascii_nopad_bin">
      <Charset>ascii</Charset>
    </collation>
    <collation id="10" parent="1" name="big5_bin">
      <Charset>big5</Charset>
    </collation>
    <collation id="11" parent="1" name="big5_chinese_ci">
      <Charset>big5</Charset>
      <DefaultForCharset>1</DefaultForCharset>
    </collation>
    <collation id="12" parent="1" name="big5_chinese_nopad_ci">
      <Charset>big5</Charset>
    </collation>
    <collation id="13" parent="1" name="big5_nopad_bin">
      <Charset>big5</Charset>
    </collation>
    <collation id="14" parent="1" name="binary">
      <Charset>binary</Charset>
      <DefaultForCharset>1</DefaultForCharset>
    </collation>
    <collation id="15" parent="1" name="cp1250_bin">
      <Charset>cp1250</Charset>
    </collation>
    <collation id="16" parent="1" name="cp1250_croatian_ci">
      <Charset>cp1250</Charset>
    </collation>
    <collation id="17" parent="1" name="cp1250_czech_cs">
      <Charset>cp1250</Charset>
    </collation>
    <collation id="18" parent="1" name="cp1250_general_ci">
      <Charset>cp1250</Charset>
      <DefaultForCharset>1</DefaultForCharset>
    </collation>
    <collation id="19" parent="1" name="cp1250_general_nopad_ci">
      <Charset>cp1250</Charset>
    </collation>
    <collation id="20" parent="1" name="cp1250_nopad_bin">
      <Charset>cp1250</Charset>
    </collation>
    <collation id="21" parent="1" name="cp1250_polish_ci">
      <Charset>cp1250</Charset>
    </collation>
    <collation id="22" parent="1" name="cp1251_bin">
      <Charset>cp1251</Charset>
    </collation>
    <collation id="23" parent="1" name="cp1251_bulgarian_ci">
      <Charset>cp1251</Charset>
    </collation>
    <collation id="24" parent="1" name="cp1251_general_ci">
      <Charset>cp1251</Charset>
      <DefaultForCharset>1</DefaultForCharset>
    </collation>
    <collation id="25" parent="1" name="cp1251_general_cs">
      <Charset>cp1251</Charset>
    </collation>
    <collation id="26" parent="1" name="cp1251_general_nopad_ci">
      <Charset>cp1251</Charset>
    </collation>
    <collation id="27" parent="1" name="cp1251_nopad_bin">
      <Charset>cp1251</Charset>
    </collation>
    <collation id="28" parent="1" name="cp1251_ukrainian_ci">
      <Charset>cp1251</Charset>
    </collation>
    <collation id="29" parent="1" name="cp1256_bin">
      <Charset>cp1256</Charset>
    </collation>
    <collation id="30" parent="1" name="cp1256_general_ci">
      <Charset>cp1256</Charset>
      <DefaultForCharset>1</DefaultForCharset>
    </collation>
    <collation id="31" parent="1" name="cp1256_general_nopad_ci">
      <Charset>cp1256</Charset>
    </collation>
    <collation id="32" parent="1" name="cp1256_nopad_bin">
      <Charset>cp1256</Charset>
    </collation>
    <collation id="33" parent="1" name="cp1257_bin">
      <Charset>cp1257</Charset>
    </collation>
    <collation id="34" parent="1" name="cp1257_general_ci">
      <Charset>cp1257</Charset>
      <DefaultForCharset>1</DefaultForCharset>
    </collation>
    <collation id="35" parent="1" name="cp1257_general_nopad_ci">
      <Charset>cp1257</Charset>
    </collation>
    <collation id="36" parent="1" name="cp1257_lithuanian_ci">
      <Charset>cp1257</Charset>
    </collation>
    <collation id="37" parent="1" name="cp1257_nopad_bin">
      <Charset>cp1257</Charset>
    </collation>
    <collation id="38" parent="1" name="cp850_bin">
      <Charset>cp850</Charset>
    </collation>
    <collation id="39" parent="1" name="cp850_general_ci">
      <Charset>cp850</Charset>
      <DefaultForCharset>1</DefaultForCharset>
    </collation>
    <collation id="40" parent="1" name="cp850_general_nopad_ci">
      <Charset>cp850</Charset>
    </collation>
    <collation id="41" parent="1" name="cp850_nopad_bin">
      <Charset>cp850</Charset>
    </collation>
    <collation id="42" parent="1" name="cp852_bin">
      <Charset>cp852</Charset>
    </collation>
    <collation id="43" parent="1" name="cp852_general_ci">
      <Charset>cp852</Charset>
      <DefaultForCharset>1</DefaultForCharset>
    </collation>
    <collation id="44" parent="1" name="cp852_general_nopad_ci">
      <Charset>cp852</Charset>
    </collation>
    <collation id="45" parent="1" name="cp852_nopad_bin">
      <Charset>cp852</Charset>
    </collation>
    <collation id="46" parent="1" name="cp866_bin">
      <Charset>cp866</Charset>
    </collation>
    <collation id="47" parent="1" name="cp866_general_ci">
      <Charset>cp866</Charset>
      <DefaultForCharset>1</DefaultForCharset>
    </collation>
    <collation id="48" parent="1" name="cp866_general_nopad_ci">
      <Charset>cp866</Charset>
    </collation>
    <collation id="49" parent="1" name="cp866_nopad_bin">
      <Charset>cp866</Charset>
    </collation>
    <collation id="50" parent="1" name="cp932_bin">
      <Charset>cp932</Charset>
    </collation>
    <collation id="51" parent="1" name="cp932_japanese_ci">
      <Charset>cp932</Charset>
      <DefaultForCharset>1</DefaultForCharset>
    </collation>
    <collation id="52" parent="1" name="cp932_japanese_nopad_ci">
      <Charset>cp932</Charset>
    </collation>
    <collation id="53" parent="1" name="cp932_nopad_bin">
      <Charset>cp932</Charset>
    </collation>
    <collation id="54" parent="1" name="dec8_bin">
      <Charset>dec8</Charset>
    </collation>
    <collation id="55" parent="1" name="dec8_nopad_bin">
      <Charset>dec8</Charset>
    </collation>
    <collation id="56" parent="1" name="dec8_swedish_ci">
      <Charset>dec8</Charset>
      <DefaultForCharset>1</DefaultForCharset>
    </collation>
    <collation id="57" parent="1" name="dec8_swedish_nopad_ci">
      <Charset>dec8</Charset>
    </collation>
    <collation id="58" parent="1" name="eucjpms_bin">
      <Charset>eucjpms</Charset>
    </collation>
    <collation id="59" parent="1" name="eucjpms_japanese_ci">
      <Charset>eucjpms</Charset>
      <DefaultForCharset>1</DefaultForCharset>
    </collation>
    <collation id="60" parent="1" name="eucjpms_japanese_nopad_ci">
      <Charset>eucjpms</Charset>
    </collation>
    <collation id="61" parent="1" name="eucjpms_nopad_bin">
      <Charset>eucjpms</Charset>
    </collation>
    <collation id="62" parent="1" name="euckr_bin">
      <Charset>euckr</Charset>
    </collation>
    <collation id="63" parent="1" name="euckr_korean_ci">
      <Charset>euckr</Charset>
      <DefaultForCharset>1</DefaultForCharset>
    </collation>
    <collation id="64" parent="1" name="euckr_korean_nopad_ci">
      <Charset>euckr</Charset>
    </collation>
    <collation id="65" parent="1" name="euckr_nopad_bin">
      <Charset>euckr</Charset>
    </collation>
    <collation id="66" parent="1" name="gb2312_bin">
      <Charset>gb2312</Charset>
    </collation>
    <collation id="67" parent="1" name="gb2312_chinese_ci">
      <Charset>gb2312</Charset>
      <DefaultForCharset>1</DefaultForCharset>
    </collation>
    <collation id="68" parent="1" name="gb2312_chinese_nopad_ci">
      <Charset>gb2312</Charset>
    </collation>
    <collation id="69" parent="1" name="gb2312_nopad_bin">
      <Charset>gb2312</Charset>
    </collation>
    <collation id="70" parent="1" name="gbk_bin">
      <Charset>gbk</Charset>
    </collation>
    <collation id="71" parent="1" name="gbk_chinese_ci">
      <Charset>gbk</Charset>
      <DefaultForCharset>1</DefaultForCharset>
    </collation>
    <collation id="72" parent="1" name="gbk_chinese_nopad_ci">
      <Charset>gbk</Charset>
    </collation>
    <collation id="73" parent="1" name="gbk_nopad_bin">
      <Charset>gbk</Charset>
    </collation>
    <collation id="74" parent="1" name="geostd8_bin">
      <Charset>geostd8</Charset>
    </collation>
    <collation id="75" parent="1" name="geostd8_general_ci">
      <Charset>geostd8</Charset>
      <DefaultForCharset>1</DefaultForCharset>
    </collation>
    <collation id="76" parent="1" name="geostd8_general_nopad_ci">
      <Charset>geostd8</Charset>
    </collation>
    <collation id="77" parent="1" name="geostd8_nopad_bin">
      <Charset>geostd8</Charset>
    </collation>
    <collation id="78" parent="1" name="greek_bin">
      <Charset>greek</Charset>
    </collation>
    <collation id="79" parent="1" name="greek_general_ci">
      <Charset>greek</Charset>
      <DefaultForCharset>1</DefaultForCharset>
    </collation>
    <collation id="80" parent="1" name="greek_general_nopad_ci">
      <Charset>greek</Charset>
    </collation>
    <collation id="81" parent="1" name="greek_nopad_bin">
      <Charset>greek</Charset>
    </collation>
    <collation id="82" parent="1" name="hebrew_bin">
      <Charset>hebrew</Charset>
    </collation>
    <collation id="83" parent="1" name="hebrew_general_ci">
      <Charset>hebrew</Charset>
      <DefaultForCharset>1</DefaultForCharset>
    </collation>
    <collation id="84" parent="1" name="hebrew_general_nopad_ci">
      <Charset>hebrew</Charset>
    </collation>
    <collation id="85" parent="1" name="hebrew_nopad_bin">
      <Charset>hebrew</Charset>
    </collation>
    <collation id="86" parent="1" name="hp8_bin">
      <Charset>hp8</Charset>
    </collation>
    <collation id="87" parent="1" name="hp8_english_ci">
      <Charset>hp8</Charset>
      <DefaultForCharset>1</DefaultForCharset>
    </collation>
    <collation id="88" parent="1" name="hp8_english_nopad_ci">
      <Charset>hp8</Charset>
    </collation>
    <collation id="89" parent="1" name="hp8_nopad_bin">
      <Charset>hp8</Charset>
    </collation>
    <collation id="90" parent="1" name="keybcs2_bin">
      <Charset>keybcs2</Charset>
    </collation>
    <collation id="91" parent="1" name="keybcs2_general_ci">
      <Charset>keybcs2</Charset>
      <DefaultForCharset>1</DefaultForCharset>
    </collation>
    <collation id="92" parent="1" name="keybcs2_general_nopad_ci">
      <Charset>keybcs2</Charset>
    </collation>
    <collation id="93" parent="1" name="keybcs2_nopad_bin">
      <Charset>keybcs2</Charset>
    </collation>
    <collation id="94" parent="1" name="koi8r_bin">
      <Charset>koi8r</Charset>
    </collation>
    <collation id="95" parent="1" name="koi8r_general_ci">
      <Charset>koi8r</Charset>
      <DefaultForCharset>1</DefaultForCharset>
    </collation>
    <collation id="96" parent="1" name="koi8r_general_nopad_ci">
      <Charset>koi8r</Charset>
    </collation>
    <collation id="97" parent="1" name="koi8r_nopad_bin">
      <Charset>koi8r</Charset>
    </collation>
    <collation id="98" parent="1" name="koi8u_bin">
      <Charset>koi8u</Charset>
    </collation>
    <collation id="99" parent="1" name="koi8u_general_ci">
      <Charset>koi8u</Charset>
      <DefaultForCharset>1</DefaultForCharset>
    </collation>
    <collation id="100" parent="1" name="koi8u_general_nopad_ci">
      <Charset>koi8u</Charset>
    </collation>
    <collation id="101" parent="1" name="koi8u_nopad_bin">
      <Charset>koi8u</Charset>
    </collation>
    <collation id="102" parent="1" name="latin1_bin">
      <Charset>latin1</Charset>
    </collation>
    <collation id="103" parent="1" name="latin1_danish_ci">
      <Charset>latin1</Charset>
    </collation>
    <collation id="104" parent="1" name="latin1_general_ci">
      <Charset>latin1</Charset>
    </collation>
    <collation id="105" parent="1" name="latin1_general_cs">
      <Charset>latin1</Charset>
    </collation>
    <collation id="106" parent="1" name="latin1_german1_ci">
      <Charset>latin1</Charset>
    </collation>
    <collation id="107" parent="1" name="latin1_german2_ci">
      <Charset>latin1</Charset>
    </collation>
    <collation id="108" parent="1" name="latin1_nopad_bin">
      <Charset>latin1</Charset>
    </collation>
    <collation id="109" parent="1" name="latin1_spanish_ci">
      <Charset>latin1</Charset>
    </collation>
    <collation id="110" parent="1" name="latin1_swedish_ci">
      <Charset>latin1</Charset>
      <DefaultForCharset>1</DefaultForCharset>
    </collation>
    <collation id="111" parent="1" name="latin1_swedish_nopad_ci">
      <Charset>latin1</Charset>
    </collation>
    <collation id="112" parent="1" name="latin2_bin">
      <Charset>latin2</Charset>
    </collation>
    <collation id="113" parent="1" name="latin2_croatian_ci">
      <Charset>latin2</Charset>
    </collation>
    <collation id="114" parent="1" name="latin2_czech_cs">
      <Charset>latin2</Charset>
    </collation>
    <collation id="115" parent="1" name="latin2_general_ci">
      <Charset>latin2</Charset>
      <DefaultForCharset>1</DefaultForCharset>
    </collation>
    <collation id="116" parent="1" name="latin2_general_nopad_ci">
      <Charset>latin2</Charset>
    </collation>
    <collation id="117" parent="1" name="latin2_hungarian_ci">
      <Charset>latin2</Charset>
    </collation>
    <collation id="118" parent="1" name="latin2_nopad_bin">
      <Charset>latin2</Charset>
    </collation>
    <collation id="119" parent="1" name="latin5_bin">
      <Charset>latin5</Charset>
    </collation>
    <collation id="120" parent="1" name="latin5_nopad_bin">
      <Charset>latin5</Charset>
    </collation>
    <collation id="121" parent="1" name="latin5_turkish_ci">
      <Charset>latin5</Charset>
      <DefaultForCharset>1</DefaultForCharset>
    </collation>
    <collation id="122" parent="1" name="latin5_turkish_nopad_ci">
      <Charset>latin5</Charset>
    </collation>
    <collation id="123" parent="1" name="latin7_bin">
      <Charset>latin7</Charset>
    </collation>
    <collation id="124" parent="1" name="latin7_estonian_cs">
      <Charset>latin7</Charset>
    </collation>
    <collation id="125" parent="1" name="latin7_general_ci">
      <Charset>latin7</Charset>
      <DefaultForCharset>1</DefaultForCharset>
    </collation>
    <collation id="126" parent="1" name="latin7_general_cs">
      <Charset>latin7</Charset>
    </collation>
    <collation id="127" parent="1" name="latin7_general_nopad_ci">
      <Charset>latin7</Charset>
    </collation>
    <collation id="128" parent="1" name="latin7_nopad_bin">
      <Charset>latin7</Charset>
    </collation>
    <collation id="129" parent="1" name="macce_bin">
      <Charset>macce</Charset>
    </collation>
    <collation id="130" parent="1" name="macce_general_ci">
      <Charset>macce</Charset>
      <DefaultForCharset>1</DefaultForCharset>
    </collation>
    <collation id="131" parent="1" name="macce_general_nopad_ci">
      <Charset>macce</Charset>
    </collation>
    <collation id="132" parent="1" name="macce_nopad_bin">
      <Charset>macce</Charset>
    </collation>
    <collation id="133" parent="1" name="macroman_bin">
      <Charset>macroman</Charset>
    </collation>
    <collation id="134" parent="1" name="macroman_general_ci">
      <Charset>macroman</Charset>
      <DefaultForCharset>1</DefaultForCharset>
    </collation>
    <collation id="135" parent="1" name="macroman_general_nopad_ci">
      <Charset>macroman</Charset>
    </collation>
    <collation id="136" parent="1" name="macroman_nopad_bin">
      <Charset>macroman</Charset>
    </collation>
    <collation id="137" parent="1" name="sjis_bin">
      <Charset>sjis</Charset>
    </collation>
    <collation id="138" parent="1" name="sjis_japanese_ci">
      <Charset>sjis</Charset>
      <DefaultForCharset>1</DefaultForCharset>
    </collation>
    <collation id="139" parent="1" name="sjis_japanese_nopad_ci">
      <Charset>sjis</Charset>
    </collation>
    <collation id="140" parent="1" name="sjis_nopad_bin">
      <Charset>sjis</Charset>
    </collation>
    <collation id="141" parent="1" name="swe7_bin">
      <Charset>swe7</Charset>
    </collation>
    <collation id="142" parent="1" name="swe7_nopad_bin">
      <Charset>swe7</Charset>
    </collation>
    <collation id="143" parent="1" name="swe7_swedish_ci">
      <Charset>swe7</Charset>
      <DefaultForCharset>1</DefaultForCharset>
    </collation>
    <collation id="144" parent="1" name="swe7_swedish_nopad_ci">
      <Charset>swe7</Charset>
    </collation>
    <collation id="145" parent="1" name="tis620_bin">
      <Charset>tis620</Charset>
    </collation>
    <collation id="146" parent="1" name="tis620_nopad_bin">
      <Charset>tis620</Charset>
    </collation>
    <collation id="147" parent="1" name="tis620_thai_ci">
      <Charset>tis620</Charset>
      <DefaultForCharset>1</DefaultForCharset>
    </collation>
    <collation id="148" parent="1" name="tis620_thai_nopad_ci">
      <Charset>tis620</Charset>
    </collation>
    <collation id="149" parent="1" name="ucs2_bin">
      <Charset>ucs2</Charset>
    </collation>
    <collation id="150" parent="1" name="ucs2_croatian_ci">
      <Charset>ucs2</Charset>
    </collation>
    <collation id="151" parent="1" name="ucs2_croatian_mysql561_ci">
      <Charset>ucs2</Charset>
    </collation>
    <collation id="152" parent="1" name="ucs2_czech_ci">
      <Charset>ucs2</Charset>
    </collation>
    <collation id="153" parent="1" name="ucs2_danish_ci">
      <Charset>ucs2</Charset>
    </collation>
    <collation id="154" parent="1" name="ucs2_esperanto_ci">
      <Charset>ucs2</Charset>
    </collation>
    <collation id="155" parent="1" name="ucs2_estonian_ci">
      <Charset>ucs2</Charset>
    </collation>
    <collation id="156" parent="1" name="ucs2_general_ci">
      <Charset>ucs2</Charset>
      <DefaultForCharset>1</DefaultForCharset>
    </collation>
    <collation id="157" parent="1" name="ucs2_general_mysql500_ci">
      <Charset>ucs2</Charset>
    </collation>
    <collation id="158" parent="1" name="ucs2_general_nopad_ci">
      <Charset>ucs2</Charset>
    </collation>
    <collation id="159" parent="1" name="ucs2_german2_ci">
      <Charset>ucs2</Charset>
    </collation>
    <collation id="160" parent="1" name="ucs2_hungarian_ci">
      <Charset>ucs2</Charset>
    </collation>
    <collation id="161" parent="1" name="ucs2_icelandic_ci">
      <Charset>ucs2</Charset>
    </collation>
    <collation id="162" parent="1" name="ucs2_latvian_ci">
      <Charset>ucs2</Charset>
    </collation>
    <collation id="163" parent="1" name="ucs2_lithuanian_ci">
      <Charset>ucs2</Charset>
    </collation>
    <collation id="164" parent="1" name="ucs2_myanmar_ci">
      <Charset>ucs2</Charset>
    </collation>
    <collation id="165" parent="1" name="ucs2_nopad_bin">
      <Charset>ucs2</Charset>
    </collation>
    <collation id="166" parent="1" name="ucs2_persian_ci">
      <Charset>ucs2</Charset>
    </collation>
    <collation id="167" parent="1" name="ucs2_polish_ci">
      <Charset>ucs2</Charset>
    </collation>
    <collation id="168" parent="1" name="ucs2_roman_ci">
      <Charset>ucs2</Charset>
    </collation>
    <collation id="169" parent="1" name="ucs2_romanian_ci">
      <Charset>ucs2</Charset>
    </collation>
    <collation id="170" parent="1" name="ucs2_sinhala_ci">
      <Charset>ucs2</Charset>
    </collation>
    <collation id="171" parent="1" name="ucs2_slovak_ci">
      <Charset>ucs2</Charset>
    </collation>
    <collation id="172" parent="1" name="ucs2_slovenian_ci">
      <Charset>ucs2</Charset>
    </collation>
    <collation id="173" parent="1" name="ucs2_spanish2_ci">
      <Charset>ucs2</Charset>
    </collation>
    <collation id="174" parent="1" name="ucs2_spanish_ci">
      <Charset>ucs2</Charset>
    </collation>
    <collation id="175" parent="1" name="ucs2_swedish_ci">
      <Charset>ucs2</Charset>
    </collation>
    <collation id="176" parent="1" name="ucs2_thai_520_w2">
      <Charset>ucs2</Charset>
    </collation>
    <collation id="177" parent="1" name="ucs2_turkish_ci">
      <Charset>ucs2</Charset>
    </collation>
    <collation id="178" parent="1" name="ucs2_unicode_520_ci">
      <Charset>ucs2</Charset>
    </collation>
    <collation id="179" parent="1" name="ucs2_unicode_520_nopad_ci">
      <Charset>ucs2</Charset>
    </collation>
    <collation id="180" parent="1" name="ucs2_unicode_ci">
      <Charset>ucs2</Charset>
    </collation>
    <collation id="181" parent="1" name="ucs2_unicode_nopad_ci">
      <Charset>ucs2</Charset>
    </collation>
    <collation id="182" parent="1" name="ucs2_vietnamese_ci">
      <Charset>ucs2</Charset>
    </collation>
    <collation id="183" parent="1" name="ujis_bin">
      <Charset>ujis</Charset>
    </collation>
    <collation id="184" parent="1" name="ujis_japanese_ci">
      <Charset>ujis</Charset>
      <DefaultForCharset>1</DefaultForCharset>
    </collation>
    <collation id="185" parent="1" name="ujis_japanese_nopad_ci">
      <Charset>ujis</Charset>
    </collation>
    <collation id="186" parent="1" name="ujis_nopad_bin">
      <Charset>ujis</Charset>
    </collation>
    <collation id="187" parent="1" name="utf16_bin">
      <Charset>utf16</Charset>
    </collation>
    <collation id="188" parent="1" name="utf16_croatian_ci">
      <Charset>utf16</Charset>
    </collation>
    <collation id="189" parent="1" name="utf16_croatian_mysql561_ci">
      <Charset>utf16</Charset>
    </collation>
    <collation id="190" parent="1" name="utf16_czech_ci">
      <Charset>utf16</Charset>
    </collation>
    <collation id="191" parent="1" name="utf16_danish_ci">
      <Charset>utf16</Charset>
    </collation>
    <collation id="192" parent="1" name="utf16_esperanto_ci">
      <Charset>utf16</Charset>
    </collation>
    <collation id="193" parent="1" name="utf16_estonian_ci">
      <Charset>utf16</Charset>
    </collation>
    <collation id="194" parent="1" name="utf16_general_ci">
      <Charset>utf16</Charset>
      <DefaultForCharset>1</DefaultForCharset>
    </collation>
    <collation id="195" parent="1" name="utf16_general_nopad_ci">
      <Charset>utf16</Charset>
    </collation>
    <collation id="196" parent="1" name="utf16_german2_ci">
      <Charset>utf16</Charset>
    </collation>
    <collation id="197" parent="1" name="utf16_hungarian_ci">
      <Charset>utf16</Charset>
    </collation>
    <collation id="198" parent="1" name="utf16_icelandic_ci">
      <Charset>utf16</Charset>
    </collation>
    <collation id="199" parent="1" name="utf16_latvian_ci">
      <Charset>utf16</Charset>
    </collation>
    <collation id="200" parent="1" name="utf16_lithuanian_ci">
      <Charset>utf16</Charset>
    </collation>
    <collation id="201" parent="1" name="utf16_myanmar_ci">
      <Charset>utf16</Charset>
    </collation>
    <collation id="202" parent="1" name="utf16_nopad_bin">
      <Charset>utf16</Charset>
    </collation>
    <collation id="203" parent="1" name="utf16_persian_ci">
      <Charset>utf16</Charset>
    </collation>
    <collation id="204" parent="1" name="utf16_polish_ci">
      <Charset>utf16</Charset>
    </collation>
    <collation id="205" parent="1" name="utf16_roman_ci">
      <Charset>utf16</Charset>
    </collation>
    <collation id="206" parent="1" name="utf16_romanian_ci">
      <Charset>utf16</Charset>
    </collation>
    <collation id="207" parent="1" name="utf16_sinhala_ci">
      <Charset>utf16</Charset>
    </collation>
    <collation id="208" parent="1" name="utf16_slovak_ci">
      <Charset>utf16</Charset>
    </collation>
    <collation id="209" parent="1" name="utf16_slovenian_ci">
      <Charset>utf16</Charset>
    </collation>
    <collation id="210" parent="1" name="utf16_spanish2_ci">
      <Charset>utf16</Charset>
    </collation>
    <collation id="211" parent="1" name="utf16_spanish_ci">
      <Charset>utf16</Charset>
    </collation>
    <collation id="212" parent="1" name="utf16_swedish_ci">
      <Charset>utf16</Charset>
    </collation>
    <collation id="213" parent="1" name="utf16_thai_520_w2">
      <Charset>utf16</Charset>
    </collation>
    <collation id="214" parent="1" name="utf16_turkish_ci">
      <Charset>utf16</Charset>
    </collation>
    <collation id="215" parent="1" name="utf16_unicode_520_ci">
      <Charset>utf16</Charset>
    </collation>
    <collation id="216" parent="1" name="utf16_unicode_520_nopad_ci">
      <Charset>utf16</Charset>
    </collation>
    <collation id="217" parent="1" name="utf16_unicode_ci">
      <Charset>utf16</Charset>
    </collation>
    <collation id="218" parent="1" name="utf16_unicode_nopad_ci">
      <Charset>utf16</Charset>
    </collation>
    <collation id="219" parent="1" name="utf16_vietnamese_ci">
      <Charset>utf16</Charset>
    </collation>
    <collation id="220" parent="1" name="utf16le_bin">
      <Charset>utf16le</Charset>
    </collation>
    <collation id="221" parent="1" name="utf16le_general_ci">
      <Charset>utf16le</Charset>
      <DefaultForCharset>1</DefaultForCharset>
    </collation>
    <collation id="222" parent="1" name="utf16le_general_nopad_ci">
      <Charset>utf16le</Charset>
    </collation>
    <collation id="223" parent="1" name="utf16le_nopad_bin">
      <Charset>utf16le</Charset>
    </collation>
    <collation id="224" parent="1" name="utf32_bin">
      <Charset>utf32</Charset>
    </collation>
    <collation id="225" parent="1" name="utf32_croatian_ci">
      <Charset>utf32</Charset>
    </collation>
    <collation id="226" parent="1" name="utf32_croatian_mysql561_ci">
      <Charset>utf32</Charset>
    </collation>
    <collation id="227" parent="1" name="utf32_czech_ci">
      <Charset>utf32</Charset>
    </collation>
    <collation id="228" parent="1" name="utf32_danish_ci">
      <Charset>utf32</Charset>
    </collation>
    <collation id="229" parent="1" name="utf32_esperanto_ci">
      <Charset>utf32</Charset>
    </collation>
    <collation id="230" parent="1" name="utf32_estonian_ci">
      <Charset>utf32</Charset>
    </collation>
    <collation id="231" parent="1" name="utf32_general_ci">
      <Charset>utf32</Charset>
      <DefaultForCharset>1</DefaultForCharset>
    </collation>
    <collation id="232" parent="1" name="utf32_general_nopad_ci">
      <Charset>utf32</Charset>
    </collation>
    <collation id="233" parent="1" name="utf32_german2_ci">
      <Charset>utf32</Charset>
    </collation>
    <collation id="234" parent="1" name="utf32_hungarian_ci">
      <Charset>utf32</Charset>
    </collation>
    <collation id="235" parent="1" name="utf32_icelandic_ci">
      <Charset>utf32</Charset>
    </collation>
    <collation id="236" parent="1" name="utf32_latvian_ci">
      <Charset>utf32</Charset>
    </collation>
    <collation id="237" parent="1" name="utf32_lithuanian_ci">
      <Charset>utf32</Charset>
    </collation>
    <collation id="238" parent="1" name="utf32_myanmar_ci">
      <Charset>utf32</Charset>
    </collation>
    <collation id="239" parent="1" name="utf32_nopad_bin">
      <Charset>utf32</Charset>
    </collation>
    <collation id="240" parent="1" name="utf32_persian_ci">
      <Charset>utf32</Charset>
    </collation>
    <collation id="241" parent="1" name="utf32_polish_ci">
      <Charset>utf32</Charset>
    </collation>
    <collation id="242" parent="1" name="utf32_roman_ci">
      <Charset>utf32</Charset>
    </collation>
    <collation id="243" parent="1" name="utf32_romanian_ci">
      <Charset>utf32</Charset>
    </collation>
    <collation id="244" parent="1" name="utf32_sinhala_ci">
      <Charset>utf32</Charset>
    </collation>
    <collation id="245" parent="1" name="utf32_slovak_ci">
      <Charset>utf32</Charset>
    </collation>
    <collation id="246" parent="1" name="utf32_slovenian_ci">
      <Charset>utf32</Charset>
    </collation>
    <collation id="247" parent="1" name="utf32_spanish2_ci">
      <Charset>utf32</Charset>
    </collation>
    <collation id="248" parent="1" name="utf32_spanish_ci">
      <Charset>utf32</Charset>
    </collation>
    <collation id="249" parent="1" name="utf32_swedish_ci">
      <Charset>utf32</Charset>
    </collation>
    <collation id="250" parent="1" name="utf32_thai_520_w2">
      <Charset>utf32</Charset>
    </collation>
    <collation id="251" parent="1" name="utf32_turkish_ci">
      <Charset>utf32</Charset>
    </collation>
    <collation id="252" parent="1" name="utf32_unicode_520_ci">
      <Charset>utf32</Charset>
    </collation>
    <collation id="253" parent="1" name="utf32_unicode_520_nopad_ci">
      <Charset>utf32</Charset>
    </collation>
    <collation id="254" parent="1" name="utf32_unicode_ci">
      <Charset>utf32</Charset>
    </collation>
    <collation id="255" parent="1" name="utf32_unicode_nopad_ci">
      <Charset>utf32</Charset>
    </collation>
    <collation id="256" parent="1" name="utf32_vietnamese_ci">
      <Charset>utf32</Charset>
    </collation>
    <collation id="257" parent="1" name="utf8_bin">
      <Charset>utf8</Charset>
    </collation>
    <collation id="258" parent="1" name="utf8_croatian_ci">
      <Charset>utf8</Charset>
    </collation>
    <collation id="259" parent="1" name="utf8_croatian_mysql561_ci">
      <Charset>utf8</Charset>
    </collation>
    <collation id="260" parent="1" name="utf8_czech_ci">
      <Charset>utf8</Charset>
    </collation>
    <collation id="261" parent="1" name="utf8_danish_ci">
      <Charset>utf8</Charset>
    </collation>
    <collation id="262" parent="1" name="utf8_esperanto_ci">
      <Charset>utf8</Charset>
    </collation>
    <collation id="263" parent="1" name="utf8_estonian_ci">
      <Charset>utf8</Charset>
    </collation>
    <collation id="264" parent="1" name="utf8_general_ci">
      <Charset>utf8</Charset>
      <DefaultForCharset>1</DefaultForCharset>
    </collation>
    <collation id="265" parent="1" name="utf8_general_mysql500_ci">
      <Charset>utf8</Charset>
    </collation>
    <collation id="266" parent="1" name="utf8_general_nopad_ci">
      <Charset>utf8</Charset>
    </collation>
    <collation id="267" parent="1" name="utf8_german2_ci">
      <Charset>utf8</Charset>
    </collation>
    <collation id="268" parent="1" name="utf8_hungarian_ci">
      <Charset>utf8</Charset>
    </collation>
    <collation id="269" parent="1" name="utf8_icelandic_ci">
      <Charset>utf8</Charset>
    </collation>
    <collation id="270" parent="1" name="utf8_latvian_ci">
      <Charset>utf8</Charset>
    </collation>
    <collation id="271" parent="1" name="utf8_lithuanian_ci">
      <Charset>utf8</Charset>
    </collation>
    <collation id="272" parent="1" name="utf8_myanmar_ci">
      <Charset>utf8</Charset>
    </collation>
    <collation id="273" parent="1" name="utf8_nopad_bin">
      <Charset>utf8</Charset>
    </collation>
    <collation id="274" parent="1" name="utf8_persian_ci">
      <Charset>utf8</Charset>
    </collation>
    <collation id="275" parent="1" name="utf8_polish_ci">
      <Charset>utf8</Charset>
    </collation>
    <collation id="276" parent="1" name="utf8_roman_ci">
      <Charset>utf8</Charset>
    </collation>
    <collation id="277" parent="1" name="utf8_romanian_ci">
      <Charset>utf8</Charset>
    </collation>
    <collation id="278" parent="1" name="utf8_sinhala_ci">
      <Charset>utf8</Charset>
    </collation>
    <collation id="279" parent="1" name="utf8_slovak_ci">
      <Charset>utf8</Charset>
    </collation>
    <collation id="280" parent="1" name="utf8_slovenian_ci">
      <Charset>utf8</Charset>
    </collation>
    <collation id="281" parent="1" name="utf8_spanish2_ci">
      <Charset>utf8</Charset>
    </collation>
    <collation id="282" parent="1" name="utf8_spanish_ci">
      <Charset>utf8</Charset>
    </collation>
    <collation id="283" parent="1" name="utf8_swedish_ci">
      <Charset>utf8</Charset>
    </collation>
    <collation id="284" parent="1" name="utf8_thai_520_w2">
      <Charset>utf8</Charset>
    </collation>
    <collation id="285" parent="1" name="utf8_turkish_ci">
      <Charset>utf8</Charset>
    </collation>
    <collation id="286" parent="1" name="utf8_unicode_520_ci">
      <Charset>utf8</Charset>
    </collation>
    <collation id="287" parent="1" name="utf8_unicode_520_nopad_ci">
      <Charset>utf8</Charset>
    </collation>
    <collation id="288" parent="1" name="utf8_unicode_ci">
      <Charset>utf8</Charset>
    </collation>
    <collation id="289" parent="1" name="utf8_unicode_nopad_ci">
      <Charset>utf8</Charset>
    </collation>
    <collation id="290" parent="1" name="utf8_vietnamese_ci">
      <Charset>utf8</Charset>
    </collation>
    <collation id="291" parent="1" name="utf8mb4_bin">
      <Charset>utf8mb4</Charset>
    </collation>
    <collation id="292" parent="1" name="utf8mb4_croatian_ci">
      <Charset>utf8mb4</Charset>
    </collation>
    <collation id="293" parent="1" name="utf8mb4_croatian_mysql561_ci">
      <Charset>utf8mb4</Charset>
    </collation>
    <collation id="294" parent="1" name="utf8mb4_czech_ci">
      <Charset>utf8mb4</Charset>
    </collation>
    <collation id="295" parent="1" name="utf8mb4_danish_ci">
      <Charset>utf8mb4</Charset>
    </collation>
    <collation id="296" parent="1" name="utf8mb4_esperanto_ci">
      <Charset>utf8mb4</Charset>
    </collation>
    <collation id="297" parent="1" name="utf8mb4_estonian_ci">
      <Charset>utf8mb4</Charset>
    </collation>
    <collation id="298" parent="1" name="utf8mb4_general_ci">
      <Charset>utf8mb4</Charset>
      <DefaultForCharset>1</DefaultForCharset>
    </collation>
    <collation id="299" parent="1" name="utf8mb4_general_nopad_ci">
      <Charset>utf8mb4</Charset>
    </collation>
    <collation id="300" parent="1" name="utf8mb4_german2_ci">
      <Charset>utf8mb4</Charset>
    </collation>
    <collation id="301" parent="1" name="utf8mb4_hungarian_ci">
      <Charset>utf8mb4</Charset>
    </collation>
    <collation id="302" parent="1" name="utf8mb4_icelandic_ci">
      <Charset>utf8mb4</Charset>
    </collation>
    <collation id="303" parent="1" name="utf8mb4_latvian_ci">
      <Charset>utf8mb4</Charset>
    </collation>
    <collation id="304" parent="1" name="utf8mb4_lithuanian_ci">
      <Charset>utf8mb4</Charset>
    </collation>
    <collation id="305" parent="1" name="utf8mb4_myanmar_ci">
      <Charset>utf8mb4</Charset>
    </collation>
    <collation id="306" parent="1" name="utf8mb4_nopad_bin">
      <Charset>utf8mb4</Charset>
    </collation>
    <collation id="307" parent="1" name="utf8mb4_persian_ci">
      <Charset>utf8mb4</Charset>
    </collation>
    <collation id="308" parent="1" name="utf8mb4_polish_ci">
      <Charset>utf8mb4</Charset>
    </collation>
    <collation id="309" parent="1" name="utf8mb4_roman_ci">
      <Charset>utf8mb4</Charset>
    </collation>
    <collation id="310" parent="1" name="utf8mb4_romanian_ci">
      <Charset>utf8mb4</Charset>
    </collation>
    <collation id="311" parent="1" name="utf8mb4_sinhala_ci">
      <Charset>utf8mb4</Charset>
    </collation>
    <collation id="312" parent="1" name="utf8mb4_slovak_ci">
      <Charset>utf8mb4</Charset>
    </collation>
    <collation id="313" parent="1" name="utf8mb4_slovenian_ci">
      <Charset>utf8mb4</Charset>
    </collation>
    <collation id="314" parent="1" name="utf8mb4_spanish2_ci">
      <Charset>utf8mb4</Charset>
    </collation>
    <collation id="315" parent="1" name="utf8mb4_spanish_ci">
      <Charset>utf8mb4</Charset>
    </collation>
    <collation id="316" parent="1" name="utf8mb4_swedish_ci">
      <Charset>utf8mb4</Charset>
    </collation>
    <collation id="317" parent="1" name="utf8mb4_thai_520_w2">
      <Charset>utf8mb4</Charset>
    </collation>
    <collation id="318" parent="1" name="utf8mb4_turkish_ci">
      <Charset>utf8mb4</Charset>
    </collation>
    <collation id="319" parent="1" name="utf8mb4_unicode_520_ci">
      <Charset>utf8mb4</Charset>
    </collation>
    <collation id="320" parent="1" name="utf8mb4_unicode_520_nopad_ci">
      <Charset>utf8mb4</Charset>
    </collation>
    <collation id="321" parent="1" name="utf8mb4_unicode_ci">
      <Charset>utf8mb4</Charset>
    </collation>
    <collation id="322" parent="1" name="utf8mb4_unicode_nopad_ci">
      <Charset>utf8mb4</Charset>
    </collation>
    <collation id="323" parent="1" name="utf8mb4_vietnamese_ci">
      <Charset>utf8mb4</Charset>
    </collation>
    <schema id="324" parent="1" name="information_schema">
      <CollationName>utf8_general_ci</CollationName>
    </schema>
    <schema id="325" parent="1" name="kngawa">
      <AutoIntrospectionLevel>3</AutoIntrospectionLevel>
      <Current>1</Current>
      <LastIntrospectionLevel>3</LastIntrospectionLevel>
      <LastIntrospectionLocalTimestamp>2025-10-18.19:46:14</LastIntrospectionLocalTimestamp>
      <CollationName>utf8mb4_general_ci</CollationName>
    </schema>
    <schema id="326" parent="1" name="mysql">
      <CollationName>utf8mb4_general_ci</CollationName>
    </schema>
    <schema id="327" parent="1" name="performance_schema">
      <CollationName>utf8_general_ci</CollationName>
    </schema>
    <schema id="328" parent="1" name="phpmyadmin">
      <CollationName>utf8_bin</CollationName>
    </schema>
    <schema id="329" parent="1" name="test">
      <CollationName>latin1_swedish_ci</CollationName>
    </schema>
    <user id="330" parent="1" name="pma">
      <Host>localhost</Host>
    </user>
    <user id="331" parent="1" name="root">
      <Host>127.0.0.1</Host>
    </user>
    <user id="332" parent="1" name="root">
      <Host>::1</Host>
    </user>
    <user id="333" parent="1" name="root">
      <Host>localhost</Host>
    </user>
    <table id="334" parent="325" name="application">
      <DetailsLevel>3</DetailsLevel>
      <Engine>InnoDB</Engine>
      <CollationName>utf8mb4_general_ci</CollationName>
    </table>
    <table id="335" parent="325" name="contact">
      <DetailsLevel>3</DetailsLevel>
      <Engine>InnoDB</Engine>
      <CollationName>utf8mb4_general_ci</CollationName>
    </table>
    <table id="336" parent="325" name="contributions">
      <DetailsLevel>3</DetailsLevel>
      <Engine>InnoDB</Engine>
      <CollationName>utf8mb4_general_ci</CollationName>
    </table>
    <table id="337" parent="325" name="loan">
      <DetailsLevel>3</DetailsLevel>
      <Engine>InnoDB</Engine>
      <CollationName>utf8mb4_general_ci</CollationName>
    </table>
    <table id="338" parent="325" name="payment">
      <DetailsLevel>3</DetailsLevel>
      <Engine>InnoDB</Engine>
      <CollationName>utf8mb4_general_ci</CollationName>
    </table>
    <table id="339" parent="325" name="plan">
      <DetailsLevel>3</DetailsLevel>
      <Engine>InnoDB</Engine>
      <CollationName>utf8mb4_general_ci</CollationName>
    </table>
    <table id="340" parent="325" name="user">
      <DetailsLevel>3</DetailsLevel>
      <Engine>InnoDB</Engine>
      <CollationName>utf8mb4_general_ci</CollationName>
    </table>
    <column id="341" parent="334" name="application_id">
      <NotNull>1</NotNull>
      <Position>1</Position>
      <StoredType>int(11)|0s</StoredType>
    </column>
    <column id="342" parent="334" name="loan_limit">
      <NotNull>1</NotNull>
      <Position>2</Position>
      <StoredType>float|0s</StoredType>
    </column>
    <column id="343" parent="334" name="loan_amount">
      <NotNull>1</NotNull>
      <Position>3</Position>
      <StoredType>float|0s</StoredType>
    </column>
    <column id="344" parent="334" name="days">
      <NotNull>1</NotNull>
      <Position>4</Position>
      <StoredType>int(11)|0s</StoredType>
    </column>
    <column id="345" parent="334" name="guarantor">
      <NotNull>1</NotNull>
      <Position>5</Position>
      <StoredType>varchar(15)|0s</StoredType>
    </column>
    <column id="346" parent="334" name="guarantor_name">
      <NotNull>1</NotNull>
      <Position>6</Position>
      <StoredType>varchar(99)|0s</StoredType>
    </column>
    <column id="347" parent="334" name="guarantor_contact">
      <NotNull>1</NotNull>
      <Position>7</Position>
      <StoredType>bigint(20)|0s</StoredType>
    </column>
    <column id="348" parent="334" name="guarantor_amount">
      <NotNull>1</NotNull>
      <Position>8</Position>
      <StoredType>float|0s</StoredType>
    </column>
    <column id="349" parent="334" name="agree">
      <NotNull>1</NotNull>
      <Position>9</Position>
      <StoredType>varchar(25)|0s</StoredType>
    </column>
    <index id="350" parent="334" name="PRIMARY">
      <ColNames>application_id</ColNames>
      <Type>btree</Type>
      <Unique>1</Unique>
    </index>
    <key id="351" parent="334" name="PRIMARY">
      <NameSurrogate>1</NameSurrogate>
      <Primary>1</Primary>
      <UnderlyingIndexName>PRIMARY</UnderlyingIndexName>
    </key>
    <column id="352" parent="335" name="contact_id">
      <NotNull>1</NotNull>
      <Position>1</Position>
      <StoredType>int(11)|0s</StoredType>
    </column>
    <column id="353" parent="335" name="customer_name">
      <NotNull>1</NotNull>
      <Position>2</Position>
      <StoredType>varchar(99)|0s</StoredType>
    </column>
    <column id="354" parent="335" name="customer_email">
      <NotNull>1</NotNull>
      <Position>3</Position>
      <StoredType>varchar(99)|0s</StoredType>
    </column>
    <column id="355" parent="335" name="customer_contact">
      <NotNull>1</NotNull>
      <Position>4</Position>
      <StoredType>bigint(20)|0s</StoredType>
    </column>
    <column id="356" parent="335" name="query_type">
      <NotNull>1</NotNull>
      <Position>5</Position>
      <StoredType>varchar(30)|0s</StoredType>
    </column>
    <column id="357" parent="335" name="customer_message">
      <NotNull>1</NotNull>
      <Position>6</Position>
      <StoredType>varchar(299)|0s</StoredType>
    </column>
    <index id="358" parent="335" name="PRIMARY">
      <ColNames>contact_id</ColNames>
      <Type>btree</Type>
      <Unique>1</Unique>
    </index>
    <key id="359" parent="335" name="PRIMARY">
      <NameSurrogate>1</NameSurrogate>
      <Primary>1</Primary>
      <UnderlyingIndexName>PRIMARY</UnderlyingIndexName>
    </key>
    <column id="360" parent="336" name="contributions_id">
      <NotNull>1</NotNull>
      <Position>1</Position>
      <StoredType>int(11)|0s</StoredType>
    </column>
    <column id="361" parent="336" name="shares">
      <NotNull>1</NotNull>
      <Position>2</Position>
      <StoredType>float|0s</StoredType>
    </column>
    <column id="362" parent="336" name="shares_attached">
      <NotNull>1</NotNull>
      <Position>3</Position>
      <StoredType>float|0s</StoredType>
    </column>
    <column id="363" parent="336" name="loan_limit">
      <NotNull>1</NotNull>
      <Position>4</Position>
      <StoredType>float|0s</StoredType>
    </column>
    <column id="364" parent="336" name="loan_balance">
      <NotNull>1</NotNull>
      <Position>5</Position>
      <StoredType>float|0s</StoredType>
    </column>
    <column id="365" parent="336" name="overdue_loan">
      <NotNull>1</NotNull>
      <Position>6</Position>
      <StoredType>float|0s</StoredType>
    </column>
    <column id="366" parent="336" name="ben_due">
      <NotNull>1</NotNull>
      <Position>7</Position>
      <StoredType>float|0s</StoredType>
    </column>
    <column id="367" parent="336" name="reg_due">
      <NotNull>1</NotNull>
      <Position>8</Position>
      <StoredType>float|0s</StoredType>
    </column>
    <index id="368" parent="336" name="PRIMARY">
      <ColNames>contributions_id</ColNames>
      <Type>btree</Type>
      <Unique>1</Unique>
    </index>
    <key id="369" parent="336" name="PRIMARY">
      <NameSurrogate>1</NameSurrogate>
      <Primary>1</Primary>
      <UnderlyingIndexName>PRIMARY</UnderlyingIndexName>
    </key>
    <column id="370" parent="337" name="loan_id">
      <NotNull>1</NotNull>
      <Position>1</Position>
      <StoredType>int(11)|0s</StoredType>
    </column>
    <column id="371" parent="337" name="ref_no">
      <NotNull>1</NotNull>
      <Position>2</Position>
      <StoredType>varchar(49)|0s</StoredType>
    </column>
    <column id="372" parent="337" name="loan_amount">
      <NotNull>1</NotNull>
      <Position>3</Position>
      <StoredType>float|0s</StoredType>
    </column>
    <column id="373" parent="337" name="status">
      <NotNull>1</NotNull>
      <Position>4</Position>
      <StoredType>varchar(30)|0s</StoredType>
    </column>
    <column id="374" parent="337" name="date_loan">
      <NotNull>1</NotNull>
      <Position>5</Position>
      <StoredType>date|0s</StoredType>
    </column>
    <column id="375" parent="337" name="date_released">
      <NotNull>1</NotNull>
      <Position>6</Position>
      <StoredType>date|0s</StoredType>
    </column>
    <column id="376" parent="337" name="date_due">
      <NotNull>1</NotNull>
      <Position>7</Position>
      <StoredType>date|0s</StoredType>
    </column>
    <index id="377" parent="337" name="PRIMARY">
      <ColNames>loan_id</ColNames>
      <Type>btree</Type>
      <Unique>1</Unique>
    </index>
    <key id="378" parent="337" name="PRIMARY">
      <NameSurrogate>1</NameSurrogate>
      <Primary>1</Primary>
      <UnderlyingIndexName>PRIMARY</UnderlyingIndexName>
    </key>
    <column id="379" parent="338" name="payment_id">
      <NotNull>1</NotNull>
      <Position>1</Position>
      <StoredType>int(11)|0s</StoredType>
    </column>
    <column id="380" parent="338" name="pay_ref">
      <NotNull>1</NotNull>
      <Position>2</Position>
      <StoredType>varchar(49)|0s</StoredType>
    </column>
    <column id="381" parent="338" name="payee">
      <NotNull>1</NotNull>
      <Position>3</Position>
      <StoredType>varchar(99)|0s</StoredType>
    </column>
    <column id="382" parent="338" name="pay_amount">
      <NotNull>1</NotNull>
      <Position>4</Position>
      <StoredType>float|0s</StoredType>
    </column>
    <column id="383" parent="338" name="date-pay">
      <NotNull>1</NotNull>
      <Position>5</Position>
      <StoredType>date|0s</StoredType>
    </column>
    <index id="384" parent="338" name="PRIMARY">
      <ColNames>payment_id</ColNames>
      <Type>btree</Type>
      <Unique>1</Unique>
    </index>
    <key id="385" parent="338" name="PRIMARY">
      <NameSurrogate>1</NameSurrogate>
      <Primary>1</Primary>
      <UnderlyingIndexName>PRIMARY</UnderlyingIndexName>
    </key>
    <column id="386" parent="339" name="plan_id">
      <NotNull>1</NotNull>
      <Position>1</Position>
      <StoredType>int(11)|0s</StoredType>
    </column>
    <column id="387" parent="339" name="amount">
      <NotNull>1</NotNull>
      <Position>2</Position>
      <StoredType>float|0s</StoredType>
    </column>
    <column id="388" parent="339" name="days">
      <NotNull>1</NotNull>
      <Position>3</Position>
      <StoredType>int(11)|0s</StoredType>
    </column>
    <column id="389" parent="339" name="total">
      <NotNull>1</NotNull>
      <Position>4</Position>
      <StoredType>float|0s</StoredType>
    </column>
    <index id="390" parent="339" name="PRIMARY">
      <ColNames>plan_id</ColNames>
      <Type>btree</Type>
      <Unique>1</Unique>
    </index>
    <key id="391" parent="339" name="PRIMARY">
      <NameSurrogate>1</NameSurrogate>
      <Primary>1</Primary>
      <UnderlyingIndexName>PRIMARY</UnderlyingIndexName>
    </key>
    <column id="392" parent="340" name="user_id">
      <NotNull>1</NotNull>
      <Position>1</Position>
      <StoredType>int(30)|0s</StoredType>
    </column>
    <column id="393" parent="340" name="other_names">
      <NotNull>1</NotNull>
      <Position>2</Position>
      <StoredType>varchar(49)|0s</StoredType>
    </column>
    <column id="394" parent="340" name="user_type">
      <NotNull>1</NotNull>
      <Position>3</Position>
      <StoredType>varchar(15)|0s</StoredType>
    </column>
    <column id="395" parent="340" name="natid">
      <NotNull>1</NotNull>
      <Position>4</Position>
      <StoredType>bigint(99)|0s</StoredType>
    </column>
    <column id="396" parent="340" name="username">
      <NotNull>1</NotNull>
      <Position>5</Position>
      <StoredType>varchar(100)|0s</StoredType>
    </column>
    <column id="397" parent="340" name="password">
      <NotNull>1</NotNull>
      <Position>6</Position>
      <StoredType>varchar(200)|0s</StoredType>
    </column>
    <column id="398" parent="340" name="firstname">
      <NotNull>1</NotNull>
      <Position>7</Position>
      <StoredType>varchar(60)|0s</StoredType>
    </column>
    <column id="399" parent="340" name="lastname">
      <NotNull>1</NotNull>
      <Position>8</Position>
      <StoredType>varchar(60)|0s</StoredType>
    </column>
    <column id="400" parent="340" name="payroll">
      <NotNull>1</NotNull>
      <Position>9</Position>
      <StoredType>bigint(20)|0s</StoredType>
    </column>
    <column id="401" parent="340" name="gender">
      <NotNull>1</NotNull>
      <Position>10</Position>
      <StoredType>varchar(15)|0s</StoredType>
    </column>
    <column id="402" parent="340" name="contact">
      <NotNull>1</NotNull>
      <Position>11</Position>
      <StoredType>bigint(20)|0s</StoredType>
    </column>
    <column id="403" parent="340" name="alt_contact">
      <NotNull>1</NotNull>
      <Position>12</Position>
      <StoredType>bigint(20)|0s</StoredType>
    </column>
    <column id="404" parent="340" name="email">
      <NotNull>1</NotNull>
      <Position>13</Position>
      <StoredType>varchar(99)|0s</StoredType>
    </column>
    <column id="405" parent="340" name="kin">
      <NotNull>1</NotNull>
      <Position>14</Position>
      <StoredType>varchar(99)|0s</StoredType>
    </column>
    <column id="406" parent="340" name="kin_contact">
      <NotNull>1</NotNull>
      <Position>15</Position>
      <StoredType>bigint(20)|0s</StoredType>
    </column>
    <column id="407" parent="340" name="foster">
      <NotNull>1</NotNull>
      <Position>16</Position>
      <StoredType>varchar(15)|0s</StoredType>
    </column>
    <column id="408" parent="340" name="foster1">
      <NotNull>1</NotNull>
      <Position>17</Position>
      <StoredType>varchar(99)|0s</StoredType>
    </column>
    <column id="409" parent="340" name="foster2">
      <NotNull>1</NotNull>
      <Position>18</Position>
      <StoredType>varchar(99)|0s</StoredType>
    </column>
    <column id="410" parent="340" name="parents">
      <NotNull>1</NotNull>
      <Position>19</Position>
      <StoredType>varchar(15)|0s</StoredType>
    </column>
    <column id="411" parent="340" name="accept_tnc">
      <NotNull>1</NotNull>
      <Position>20</Position>
      <StoredType>varchar(34)|0s</StoredType>
    </column>
    <index id="412" parent="340" name="user_id">
      <ColNames>user_id
username</ColNames>
      <Type>btree</Type>
      <Unique>1</Unique>
    </index>
    <index id="413" parent="340" name="PRIMARY">
      <ColNames>user_id</ColNames>
      <Type>btree</Type>
      <Unique>1</Unique>
    </index>
    <key id="414" parent="340" name="PRIMARY">
      <NameSurrogate>1</NameSurrogate>
      <Primary>1</Primary>
      <UnderlyingIndexName>PRIMARY</UnderlyingIndexName>
    </key>
    <key id="415" parent="340" name="user_id">
      <UnderlyingIndexName>user_id</UnderlyingIndexName>
    </key>
  </database-model>
</dataSource>